{
  "LogReg": {
    "accuracy": 0.7880794701986755,
    "precision": 0.5953177257525084,
    "recall": 0.6334519572953736,
    "f1": 0.6137931034482759,
    "roc_auc": 0.8473006933998606,
    "pr_auc": 0.6554007972080708,
    "threshold": 0.653659670672674
  },
  "RF": {
    "accuracy": 0.8571428571428571,
    "precision": 0.6878612716763006,
    "recall": 0.8469750889679716,
    "f1": 0.759170653907496,
    "roc_auc": 0.926161169607807,
    "pr_auc": 0.8307651635730603,
    "threshold": 0.31
  },
  "LSTM": {
    "accuracy": 0.9035004730368968,
    "precision": 0.780564263322884,
    "recall": 0.8861209964412812,
    "f1": 0.83,
    "roc_auc": 0.9660408335473457,
    "pr_auc": 0.9316303761488527,
    "threshold": 0.5111247301101685
  },
  "Transformer": {
    "accuracy": 0.9309366130558183,
    "precision": 0.916,
    "recall": 0.8149466192170819,
    "f1": 0.8625235404896422,
    "roc_auc": 0.9753595406684522,
    "pr_auc": 0.9501628456585671,
    "threshold": 0.6404184103012085
  },
  "MSTAN (Ours)": {
    "accuracy": 0.9186376537369915,
    "precision": 0.8445229681978799,
    "recall": 0.8505338078291815,
    "f1": 0.8475177304964538,
    "roc_auc": 0.9676275819055655,
    "pr_auc": 0.9360123337019979,
    "threshold": 0.5429581999778748
  }
}