{
  "accuracy": 0.7880794701986755,
  "precision": 0.5953177257525084,
  "recall": 0.6334519572953736,
  "f1": 0.6137931034482759,
  "roc_auc": 0.8473006933998606,
  "pr_auc": 0.6554007972080708,
  "threshold": 0.653659670672674
}