{
  "accuracy": 0.9035004730368968,
  "precision": 0.780564263322884,
  "recall": 0.8861209964412812,
  "f1": 0.83,
  "roc_auc": 0.9660408335473457,
  "pr_auc": 0.9316303761488527,
  "threshold": 0.5111247301101685
}