{
  "accuracy": 0.9186376537369915,
  "precision": 0.8445229681978799,
  "recall": 0.8505338078291815,
  "f1": 0.8475177304964538,
  "roc_auc": 0.9676275819055655,
  "pr_auc": 0.9360123337019979,
  "threshold": 0.5429581999778748
}