{
  "accuracy": 0.8571428571428571,
  "precision": 0.6878612716763006,
  "recall": 0.8469750889679716,
  "f1": 0.759170653907496,
  "roc_auc": 0.926161169607807,
  "pr_auc": 0.8307651635730603,
  "threshold": 0.31
}