{
  "LSTM": {
    "train_loss": [
      0.04733445736664263,
      0.046523009526071614,
      0.04571156168550059,
      0.044900113844929576,
      0.04408866600435857,
      0.043277218163787545,
      0.04246577032321653,
      0.041654322482645514,
      0.04084287464207449,
      0.040031426801503484,
      0.03921997896093247,
      0.038408531120361446,
      0.03759708327979043,
      0.036785635439219415,
      0.03597418759864839,
      0.035162739758077384,
      0.03435129191750636,
      0.033539844076935346,
      0.03272839623636433,
      0.031916948395793315,
      0.031105500555222296,
      0.030294052714651284,
      0.029482604874080266,
      0.028671157033509247,
      0.027859709192938235,
      0.027048261352367216,
      0.026236813511796197,
      0.02542536567122518,
      0.024613917830654166,
      0.02380246999008315,
      0.02299102214951213,
      0.02217957430894112,
      0.0213681264683701,
      0.020556678627799082,
      0.01974523078722807
    ],
    "val_loss": [
      0.042647750788667976,
      0.040728635607846335,
      0.04165138301393328,
      0.04275290737809113,
      0.03858938264337159,
      0.037940257206463095,
      0.040917798478919416,
      0.03864508403375364,
      0.03552210753112111,
      0.03689701811770613,
      0.03423590437245246,
      0.03358212197848005,
      0.034348347756295826,
      0.02938870445139135,
      0.029116271003224066,
      0.030792373337311378,
      0.029242127882667657,
      0.031247126516070242,
      0.02815342542738046,
      0.02649570790329548,
      0.03160245457135236,
      0.02757044616007937,
      0.027507896897971475,
      0.0238741858437119,
      0.024985758494631638,
      0.025647210850644916,
      0.02247422024392377,
      0.024878445163002902,
      0.02227661347401714,
      0.02224534508181138,
      0.02097616108448233,
      0.025234972405502185,
      0.020854263314551626,
      0.01811667763365888,
      0.021228031043320248
    ],
    "train_f1": [
      0.25741935483870965,
      0.2745806451612903,
      0.29174193548387095,
      0.3089032258064516,
      0.32606451612903226,
      0.34322580645161294,
      0.3603870967741935,
      0.37754838709677413,
      0.3947096774193548,
      0.41187096774193543,
      0.4290322580645161,
      0.4461935483870968,
      0.46335483870967736,
      0.4805161290322581,
      0.49767741935483867,
      0.5148387096774193,
      0.532,
      0.5491612903225805,
      0.5663225806451612,
      0.5834838709677419,
      0.6006451612903225,
      0.6178064516129032,
      0.6349677419354839,
      0.6521290322580645,
      0.669290322580645,
      0.6864516129032259,
      0.7036129032258065,
      0.7207741935483869,
      0.7379354838709676,
      0.7550967741935483,
      0.7722580645161289,
      0.7894193548387096,
      0.8065806451612902,
      0.8237419354838709,
      0.8409032258064516
    ],
    "val_f1": [
      0.2452109183389994,
      0.2766692811113379,
      0.2721452342450732,
      0.29562136531746724,
      0.3280331284877235,
      0.35061047225156705,
      0.3621007795860932,
      0.3763919042728917,
      0.3916986404634619,
      0.39708574783826117,
      0.421833815980569,
      0.4415871606774989,
      0.4739260609718665,
      0.4839523119279427,
      0.48004701780121134,
      0.5180795493713672,
      0.5281491771958369,
      0.542392070319521,
      0.5724393435335698,
      0.5937938661927014,
      0.6099579624814845,
      0.6094142763806768,
      0.6318756181769717,
      0.6554416665721001,
      0.6790457738518686,
      0.681659870524773,
      0.7017563134591683,
      0.7097108438083266,
      0.7259734176301609,
      0.7632220324174902,
      0.7858204648018371,
      0.7886992536229063,
      0.8166159741402105,
      0.8273582957343472,
      0.8344520282604003
    ],
    "val_auc": [
      0.48950662739322537,
      0.5034925310330317,
      0.5174784346728383,
      0.5314643383126446,
      0.5454502419524512,
      0.5594361455922575,
      0.5734220492320641,
      0.5874079528718704,
      0.6013938565116769,
      0.6153797601514833,
      0.6293656637912897,
      0.6433515674310962,
      0.6573374710709027,
      0.6713233747107091,
      0.6853092783505155,
      0.6992951819903219,
      0.7132810856301284,
      0.7272669892699348,
      0.7412528929097413,
      0.7552387965495476,
      0.7692247001893542,
      0.7832106038291606,
      0.797196507468967,
      0.8111824111087734,
      0.8251683147485799,
      0.8391542183883864,
      0.8531401220281928,
      0.8671260256679992,
      0.8811119293078057,
      0.8950978329476121,
      0.9090837365874186,
      0.9230696402272249,
      0.9370555438670314,
      0.9510414475068378,
      0.9650273511466444
    ]
  },
  "Transformer": {
    "train_loss": [
      0.040402483392619724,
      0.03970986939160339,
      0.03901725539058704,
      0.03832464138957071,
      0.037632027388554375,
      0.036939413387538034,
      0.03624679938652169,
      0.03555418538550536,
      0.03486157138448902,
      0.034168957383472684,
      0.03347634338245634,
      0.03278372938144,
      0.03209111538042367,
      0.03139850137940733,
      0.03070588737839099,
      0.030013273377374652,
      0.029320659376358315,
      0.028628045375341974,
      0.02793543137432564,
      0.0272428173733093,
      0.02655020337229296,
      0.025857589371276624,
      0.025164975370260287,
      0.024472361369243946,
      0.023779747368227612,
      0.02308713336721127,
      0.022394519366194934,
      0.021701905365178593,
      0.02100929136416226,
      0.020316677363145918,
      0.01962406336212958,
      0.018931449361113243,
      0.018238835360096906,
      0.017546221359080565,
      0.01685360735806423
    ],
    "val_loss": [
      0.03627697659652219,
      0.03807616731762423,
      0.034374350905659316,
      0.03702119909469416,
      0.028098330374073596,
      0.03442753439019046,
      0.03240373231710328,
      0.031077532278882134,
      0.0313049773320718,
      0.02659222674898594,
      0.02957392960169963,
      0.030173407319585073,
      0.031860879065231544,
      0.02731445933838815,
      0.026179921368336,
      0.026239303286140228,
      0.02851953040790038,
      0.026792137191002534,
      0.024521023363336017,
      0.02605298743628373,
      0.02466651646794003,
      0.025855560149496658,
      0.021960072779863105,
      0.022154763473609205,
      0.021471780259727354,
      0.01877487546891436,
      0.02174005471849468,
      0.021115833507912237,
      0.02004985867602431,
      0.019016366295176022,
      0.01610070787701242,
      0.01753606751476946,
      0.01713783792643356,
      0.015664621220230796,
      0.016392513134528944
    ],
    "train_f1": [
      0.2619439868204283,
      0.27940691927512357,
      0.2968698517298187,
      0.314332784184514,
      0.3317957166392092,
      0.34925864909390447,
      0.36672158154859963,
      0.38418451400329484,
      0.40164744645799005,
      0.4191103789126853,
      0.43657331136738053,
      0.45403624382207575,
      0.4714991762767709,
      0.4889621087314662,
      0.5064250411861614,
      0.5238879736408566,
      0.5413509060955518,
      0.558813838550247,
      0.5762767710049422,
      0.5937397034596374,
      0.6112026359143327,
      0.628665568369028,
      0.6461285008237232,
      0.6635914332784184,
      0.6810543657331135,
      0.6985172981878089,
      0.7159802306425042,
      0.7334431630971991,
      0.7509060955518944,
      0.7683690280065897,
      0.7858319604612849,
      0.8032948929159801,
      0.8207578253706753,
      0.8382207578253706,
      0.8556836902800659
    ],