{
  "accuracy": 0.9309366130558183,
  "precision": 0.916,
  "recall": 0.8149466192170819,
  "f1": 0.8625235404896422,
  "roc_auc": 0.9753595406684522,
  "pr_auc": 0.9501628456585671,
  "threshold": 0.6404184103012085
}